Observation_ID,Observer_ID,Phenophase_ID,Observation_Extent,Individual_ID,Observation_Date,Abundance_Category_ID,Abundance_Value_ID,Individual_ID,Station_ID,Species_ID,Individual_UserStr,Create_Date,Station_ID,Observer_ID,Name,Latitude,Longitude,Elevation,Street_Address,City,State,Country,Postal_code,Create_Date,GMT_Difference,Abundance_Value_ID,Abundance_Name,Seq_Num,Abundance_Category_ID,Abundance_Category_Name,Abundance_Category_Description,Phenophase_ID,Species_ID
2149,638,489,0,692,7/9/2019 7:00,NULL,NULL,692,692,2,NULL,7/9/2019,692,638,,32.230428,-110.951362,744,1311 E 4th St,Tucson,AZ,US,85719,7/9/2019,-7,NULL,NULL,NULL,NULL,NULL,NULL,NULL,NULL
2150,638,489,0,693,7/9/2019 7:00,NULL,NULL,693,693,2,NULL,7/9/2019,693,638,,32.194713,-110.914275,772,3635 E 34th St,Tucson,AZ,US,85713,7/9/2019,-7,NULL,NULL,NULL,NULL,NULL,NULL,NULL,NULL
2152,639,489,1,695,7/9/2019 7:00,38,26,695,695,2,NULL,7/9/2019,695,639,,32.14589,-110.958221,771,5826 S Morris Blvd,Tucson,AZ,US,85706,7/9/2019,-7,26,5-24%,2,38,Plant greeness,What percentage of the plant is green?,489,139
2153,640,489,-1,696,7/10/2019 7:00,38,25,696,696,2,NULL,7/10/2019,696,640,,32.225557,-110.953864,735,321 N Santa Rita Ave,Tucson,AZ,US,85719,7/10/2019,-7,25,Less than 5%,1,38,Plant greeness,What percentage of the plant is green?,489,139
2154,639,489,1,697,7/3/2019 7:00,38,29,697,697,2,NULL,7/10/2019,697,639,,32.180766,-110.842864,827,7017 Mitchell Flyer Rd,Tucson,AZ,US,85730,7/10/2019,-7,29,75-94%,5,38,Plant greeness,What percentage of the plant is green?,489,139
2155,640,489,-1,698,7/11/2019 7:00,NULL,NULL,698,698,2,NULL,7/11/2019,698,640,,32.224456,-110.95003,739,221 N Vine Ave,Tucson,AZ,US,85719,7/11/2019,-7,NULL,NULL,NULL,NULL,NULL,NULL,NULL,NULL
2160,642,489,1,701,7/28/2019 7:00,38,28,701,701,2,NULL,7/29/2019,701,642,,32.213051,-111.005642,937,Tumamoc Hill Rd,Tucson,AZ,US,85745,7/29/2019,-7,28,50-74%,4,38,Plant greeness,What percentage of the plant is green?,489,139
2161,643,489,1,702,7/26/2019 7:00,38,29,702,702,2,NULL,7/29/2019,702,643,,32.212656,-111.00631,947,Tumamoc Hill Rd,Tucson,AZ,US,85745,7/29/2019,-7,29,75-94%,5,38,Plant greeness,What percentage of the plant is green?,489,139
2162,644,489,1,703,8/3/2019 7:00,38,29,703,703,2,NULL,8/3/2019,703,644,,32.006853,-110.693084,1050,13598 S Montezuma Pl,Vail,AZ,US,85641,8/3/2019,-7,29,75-94%,5,38,Plant greeness,What percentage of the plant is green?,489,139
2163,644,489,1,704,8/3/2019 7:00,NULL,NULL,704,704,2,NULL,8/3/2019,704,644,,32.162943,-110.919423,785,4950 S Outlet Center Dr,Tucson,AZ,US,85706,8/3/2019,-7,NULL,NULL,NULL,NULL,NULL,NULL,NULL,NULL
2171,648,489,1,708,8/17/2019 7:00,38,27,708,708,2,NULL,8/17/2019,708,648,,32.287636,-110.778319,812,4401 N Wolford Rd,Tucson,AZ,US,85749,8/17/2019,-7,27,25-49%,3,38,Plant greeness,What percentage of the plant is green?,489,139
2172,648,489,1,709,7/26/2019 7:00,38,25,709,709,2,NULL,8/17/2019,709,648,,32.215629,-110.752227,881,11201 E Timrod St,Tucson,AZ,US,85748,8/17/2019,-7,25,Less than 5%,1,38,Plant greeness,What percentage of the plant is green?,489,139
2173,648,489,1,710,7/29/2019 7:00,38,25,710,710,2,NULL,8/18/2019,710,648,,32.215629,-110.726134,854,Mica View Trail,Tucson,AZ,US,85748,8/18/2019,-7,25,Less than 5%,1,38,Plant greeness,What percentage of the plant is green?,489,139
2177,644,489,1,712,8/18/2019 7:00,38,30,712,712,2,NULL,8/18/2019,712,644,,36.907189,-110.623412,2072,N 6310,Shonto,AZ,US,86054,8/18/2019,-7,30,95% or more,6,38,Plant greeness,What percentage of the plant is green?,489,139
2178,650,489,1,713,8/17/2019 7:00,38,30,713,713,2,NULL,8/19/2019,713,650,,32.148724,-110.601917,1020,Rincon Creek Trail,NULL,AZ,US,NULL,8/19/2019,-7,30,95% or more,6,38,Plant greeness,What percentage of the plant is green?,489,139
2179,650,489,1,714,8/15/2019 7:00,38,25,714,714,2,NULL,8/19/2019,714,650,,32.157638,-110.719991,1037,Tanque Verde Ridge Trail,Tucson,AZ,US,85747,8/19/2019,-7,25,Less than 5%,1,38,Plant greeness,What percentage of the plant is green?,489,139
2180,650,489,1,715,8/15/2019 7:00,38,25,715,715,2,NULL,8/19/2019,715,650,,32.24914,-111.183429,836,2602 N Kinney Rd,Tucson,AZ,US,85743,8/19/2019,-7,25,Less than 5%,1,38,Plant greeness,What percentage of the plant is green?,489,139
2182,648,489,1,716,8/18/2019 7:00,38,29,716,716,2,NULL,8/19/2019,716,648,,32.282993,-110.75772,826,10991 E Limberlost Rd,Tucson,AZ,US,85749,8/19/2019,-7,29,75-94%,5,38,Plant greeness,What percentage of the plant is green?,489,139
2183,651,489,0,717,8/20/2019 7:00,NULL,NULL,717,717,2,NULL,8/20/2019,717,651,,32.24989,-111.152941,1063,King Canyon Trail,Tucson,AZ,US,85745,8/20/2019,-7,NULL,NULL,NULL,NULL,NULL,NULL,NULL,NULL
2185,643,489,1,718,8/20/2019 7:00,38,25,718,718,2,NULL,8/26/2019,718,643,,32.485519,-110.864423,1024,Middle Gate Trail,Catalina,AZ,US,85739,8/26/2019,-7,25,Less than 5%,1,38,Plant greeness,What percentage of the plant is green?,489,139
2186,643,489,1,719,8/20/2019 7:00,38,28,719,719,2,NULL,8/26/2019,719,643,,32.212854,-111.006204,946,Tumamoc Hill Rd,Tucson,AZ,US,85745,8/26/2019,-7,28,50-74%,4,38,Plant greeness,What percentage of the plant is green?,489,139
2187,643,489,1,719,8/25/2019 7:00,38,27,719,719,2,NULL,8/26/2019,719,643,,32.212854,-111.006204,946,Tumamoc Hill Rd,Tucson,AZ,US,85745,8/26/2019,-7,27,25-49%,3,38,Plant greeness,What percentage of the plant is green?,489,139
2188,648,489,1,720,8/29/2019 7:00,38,30,720,720,2,NULL,8/29/2019,720,648,,32.29228,-110.733001,838,12139 E Makohoh Trail,Tucson,AZ,US,85749,8/29/2019,-7,30,95% or more,6,38,Plant greeness,What percentage of the plant is green?,489,139
2189,648,489,1,721,8/23/2019 7:00,38,30,721,721,2,NULL,8/29/2019,721,648,,32.220276,-110.783813,833,36 S Candlestick Dr,Tucson,AZ,US,85748,8/29/2019,-7,30,95% or more,6,38,Plant greeness,What percentage of the plant is green?,489,139
2190,648,489,1,722,8/23/2019 7:00,38,30,722,722,2,NULL,8/29/2019,722,648,,32.208658,-110.782439,852,9836 Mountain Crossing Rd,Tucson,AZ,US,85748,8/29/2019,-7,30,95% or more,6,38,Plant greeness,What percentage of the plant is green?,489,139
2191,648,489,1,723,8/23/2019 7:00,38,25,723,723,2,NULL,8/29/2019,723,648,,32.296736,-111.166615,857,NULL,Tucson,AZ,US,85743,8/29/2019,-7,25,Less than 5%,1,38,Plant greeness,What percentage of the plant is green?,489,139
2192,652,489,1,724,9/2/2019 7:00,38,30,724,724,2,NULL,9/2/2019,724,652,,32.218535,-110.802188,818,8909 E Cooper St,Tucson,AZ,US,85710,9/2/2019,-7,30,95% or more,6,38,Plant greeness,What percentage of the plant is green?,489,139
2193,648,489,1,725,9/2/2019 7:00,38,29,725,725,2,NULL,9/4/2019,725,648,,32.286475,-110.800464,791,4331 N Bear Canyon Rd,Tucson,AZ,US,85749,9/4/2019,-7,29,75-94%,5,38,Plant greeness,What percentage of the plant is green?,489,139
2194,648,489,1,726,9/3/2019 7:00,38,27,726,726,2,NULL,9/4/2019,726,648,,32.289233,-110.772483,820,10291 E Rio De Oro Dr,Tucson,AZ,US,85749,9/4/2019,-7,27,25-49%,3,38,Plant greeness,What percentage of the plant is green?,489,139
2195,653,489,1,727,9/4/2019 7:00,38,29,727,727,2,NULL,9/4/2019,727,653,,32.149901,-110.60087,1012,Rincon Creek Trail,NULL,AZ,US,NULL,9/4/2019,-7,29,75-94%,5,38,Plant greeness,What percentage of the plant is green?,489,139
2196,644,489,1,728,9/8/2019 7:00,38,29,728,728,2,NULL,9/8/2019,728,644,,32.227637,-110.97314,721,44 W 6th St,Tucson,AZ,US,85705,9/8/2019,-7,29,75-94%,5,38,Plant greeness,What percentage of the plant is green?,489,139
2197,644,489,1,729,9/8/2019 7:00,38,29,729,729,2,NULL,9/8/2019,729,644,,32.235238,-110.95861,739,1037 N Tyndall Ave,Tucson,AZ,US,85719,9/8/2019,-7,29,75-94%,5,38,Plant greeness,What percentage of the plant is green?,489,139
2198,654,489,1,730,9/9/2019 7:00,38,27,730,730,2,NULL,9/9/2019,730,654,,32.250601,-111.183137,904,2617 N Kinney Rd,Tucson,AZ,US,85743,9/9/2019,-7,27,25-49%,3,38,Plant greeness,What percentage of the plant is green?,489,139
2199,655,489,1,731,9/10/2019 7:00,38,25,731,731,2,NULL,9/10/2019,731,655,,32.165555,-110.723861,950,Tanque Verde Ridge Trail,Tucson,AZ,US,85748,9/10/2019,-7,25,Less than 5%,1,38,Plant greeness,What percentage of the plant is green?,489,139
2200,655,489,1,732,9/10/2019 7:00,38,28,732,732,2,NULL,9/10/2019,732,655,,32.20458,-110.70354,872,Squeeze Pen Trail,Tucson,AZ,US,85748,9/10/2019,-7,28,50-74%,4,38,Plant greeness,What percentage of the plant is green?,489,139
2201,656,489,1,733,9/7/2019 7:00,38,30,733,733,2,NULL,9/12/2019,733,656,,32.2086,-110.792227,843,9395 E Old Spanish Trail,Tucson,AZ,US,85710,9/12/2019,-7,30,95% or more,6,38,Plant greeness,What percentage of the plant is green?,489,139
2202,656,489,1,734,9/7/2019 7:00,38,30,734,734,2,NULL,9/12/2019,734,656,,32.213885,-110.798691,827,9050 E Millett Dr,Tucson,AZ,US,85710,9/12/2019,-7,30,95% or more,6,38,Plant greeness,What percentage of the plant is green?,489,139
2203,654,489,1,735,9/12/2019 7:00,38,26,735,735,2,NULL,9/12/2019,735,654,,32.250696,-111.181037,946,2605 N Kinney Rd,Tucson,AZ,US,85743,9/12/2019,-7,26,5-24%,2,38,Plant greeness,What percentage of the plant is green?,489,139
2204,650,489,1,736,9/15/2019 7:00,38,25,736,736,2,NULL,9/16/2019,736,650,,32.205351,-110.70088,891,Squeeze Pen Trail,Tucson,AZ,US,85748,9/16/2019,-7,25,Less than 5%,1,38,Plant greeness,What percentage of the plant is green?,489,139
2211,652,489,1,739,10/4/2019 7:00,38,30,739,738,2,NULL,10/5/2019,738,652,,32.833154,-112.172957,580,I-8,Maricopa,AZ,US,85139,10/5/2019,-7,30,95% or more,6,38,Plant greeness,What percentage of the plant is green?,489,139
2230,663,489,0,746,10/21/2019 7:00,NULL,NULL,746,745,2,NULL,10/21/2019,745,663,,32.125696,-110.842673,849,7000 E Century Park Dr,Tucson,AZ,US,85756,10/21/2019,-7,NULL,NULL,NULL,NULL,NULL,NULL,NULL,NULL
2709,795,489,1,887,4/30/2020 7:00,38,26,887,886,2,NULL,5/1/2020,886,795,,32.294867,-110.782801,818,4750 N Lason Ln,Tucson,AZ,US,85749,5/1/2020,-7,26,5-24%,2,38,Plant greeness,What percentage of the plant is green?,489,139
2979,841,489,0,948,6/25/2020 7:00,NULL,NULL,948,944,2,NULL,6/25/2020,944,841,,32.227708,-110.900486,773,4311 E 6th St,Tucson,AZ,US,85711,6/25/2020,-7,NULL,NULL,NULL,NULL,NULL,NULL,NULL,NULL
2980,841,489,1,948,6/25/2020 7:00,38,26,948,944,2,NULL,6/25/2020,944,841,,32.227708,-110.900486,773,4311 E 6th St,Tucson,AZ,US,85711,6/25/2020,-7,26,5-24%,2,38,Plant greeness,What percentage of the plant is green?,489,139
2984,843,489,1,950,6/26/2020 7:00,38,25,950,946,2,NULL,6/27/2020,946,843,,32.367997,-111.114252,646,8878 N Cricket Pl,Tucson,AZ,US,85743,6/27/2020,-7,25,Less than 5%,1,38,Plant greeness,What percentage of the plant is green?,489,139
2985,843,489,1,951,6/26/2020 7:00,38,25,951,947,2,NULL,6/27/2020,947,843,,32.367561,-111.114666,648,8858 N Cricket Pl,Tucson,AZ,US,85743,6/27/2020,-7,25,Less than 5%,1,38,Plant greeness,What percentage of the plant is green?,489,139
2986,844,489,1,952,7/1/2020 7:00,38,26,952,948,2,NULL,7/2/2020,948,844,,32.36797,-111.11247,645,8858 N Cricket Pl,Tucson,AZ,US,85743,7/2/2020,-7,26,5-24%,2,38,Plant greeness,What percentage of the plant is green?,489,139
2987,843,489,1,953,7/6/2020 7:00,38,25,953,949,2,NULL,7/7/2020,949,843,,32.367369,-111.11373,645,8858 N Cricket Pl,Tucson,AZ,US,85743,7/7/2020,-7,25,Less than 5%,1,38,Plant greeness,What percentage of the plant is green?,489,139
2988,845,489,0,954,7/7/2020 7:00,NULL,NULL,954,950,2,NULL,7/7/2020,950,845,,32.195948,-110.772812,880,2200 S Houghton Rd,Tucson,AZ,US,85748,7/7/2020,-7,NULL,NULL,NULL,NULL,NULL,NULL,NULL,NULL
2989,845,489,0,955,7/7/2020 7:00,NULL,NULL,955,951,2,NULL,7/7/2020,951,845,,32.061456,-110.773856,928,10575 S Houghton Rd,Vail,AZ,US,85641,7/7/2020,-7,NULL,NULL,NULL,NULL,NULL,NULL,NULL,NULL
2990,845,489,0,956,7/7/2020 7:00,NULL,NULL,956,952,2,NULL,7/8/2020,952,845,,32.206233,-110.786023,854,NULL,Tucson,AZ,US,85748,7/8/2020,-7,NULL,NULL,NULL,NULL,NULL,NULL,NULL,NULL
2991,846,489,0,957,7/9/2020 7:00,NULL,NULL,957,953,2,NULL,7/9/2020,953,846,,32.242833,-110.956686,740,1001 E Elm St,Tucson,AZ,US,85719,7/9/2020,-7,NULL,NULL,NULL,NULL,NULL,NULL,NULL,NULL
2992,846,489,1,958,7/13/2020 7:00,38,25,958,954,2,NULL,7/13/2020,954,846,,32.249468,-110.944588,740,1824 E Grant Rd,Tucson,AZ,US,85719,7/13/2020,-7,25,Less than 5%,1,38,Plant greeness,What percentage of the plant is green?,489,139
2993,650,489,1,959,7/11/2020 7:00,38,25,959,955,2,NULL,7/13/2020,955,650,,32.153377,-110.72255,999,Tanque Verde Ridge Trail,Tucson,AZ,US,85747,7/13/2020,-7,25,Less than 5%,1,38,Plant greeness,What percentage of the plant is green?,489,139
2994,843,489,1,960,7/13/2020 7:00,38,25,960,956,2,NULL,7/13/2020,956,843,,32.367771,-111.11178,644,8858 N Cricket Pl,Tucson,AZ,US,85743,7/13/2020,-7,25,Less than 5%,1,38,Plant greeness,What percentage of the plant is green?,489,139
2999,656,489,1,963,7/16/2020 7:00,38,27,963,959,2,NULL,7/16/2020,959,656,,32.21627,-110.800176,821,9010 E Bluefield St,Tucson,AZ,US,85710,7/16/2020,-7,27,25-49%,3,38,Plant greeness,What percentage of the plant is green?,489,139
3001,846,489,1,964,7/20/2020 7:00,38,25,964,960,2,NULL,7/20/2020,960,846,,32.24948,-110.944466,740,2319 N Campbell Ave,Tucson,AZ,US,85719,7/20/2020,-7,25,Less than 5%,1,38,Plant greeness,What percentage of the plant is green?,489,139
3002,843,489,1,965,7/20/2020 7:00,38,25,965,NULL,2,NULL,7/21/2020,NULL,NULL,NULL,NULL,NULL,NULL,NULL,NULL,NULL,NULL,NULL,NULL,NULL,25,Less than 5%,1,38,Plant greeness,What percentage of the plant is green?,489,139
3003,656,489,1,966,7/23/2020 7:00,38,27,966,NULL,2,NULL,7/24/2020,NULL,NULL,NULL,NULL,NULL,NULL,NULL,NULL,NULL,NULL,NULL,NULL,NULL,27,25-49%,3,38,Plant greeness,What percentage of the plant is green?,489,139
3004,656,489,1,967,7/23/2020 7:00,38,27,967,NULL,2,NULL,7/24/2020,NULL,NULL,NULL,NULL,NULL,NULL,NULL,NULL,NULL,NULL,NULL,NULL,NULL,27,25-49%,3,38,Plant greeness,What percentage of the plant is green?,489,139
3005,656,489,1,968,7/23/2020 7:00,38,27,968,NULL,2,NULL,7/24/2020,NULL,NULL,NULL,NULL,NULL,NULL,NULL,NULL,NULL,NULL,NULL,NULL,NULL,27,25-49%,3,38,Plant greeness,What percentage of the plant is green?,489,139
3006,846,489,1,969,7/25/2020 7:00,38,26,969,973,2,NULL,7/27/2020,973,846,,32.249379,-110.944546,741,1827 E Edison St,Tucson,AZ,US,85719,8/25/2020,-7,26,5-24%,2,38,Plant greeness,What percentage of the plant is green?,489,139
3007,846,489,1,970,7/28/2020 7:00,38,27,970,973,2,NULL,7/27/2020,973,846,,32.249379,-110.944546,741,1827 E Edison St,Tucson,AZ,US,85719,8/25/2020,-7,27,25-49%,3,38,Plant greeness,What percentage of the plant is green?,489,139
3008,843,489,1,951,7/27/2020 7:00,38,25,951,947,2,NULL,6/27/2020,947,843,,32.367561,-111.114666,648,8858 N Cricket Pl,Tucson,AZ,US,85743,6/27/2020,-7,25,Less than 5%,1,38,Plant greeness,What percentage of the plant is green?,489,139
3009,656,489,1,971,7/28/2020 7:00,38,28,971,NULL,2,NULL,7/29/2020,NULL,NULL,NULL,NULL,NULL,NULL,NULL,NULL,NULL,NULL,NULL,NULL,NULL,28,50-74%,4,38,Plant greeness,What percentage of the plant is green?,489,139
3010,656,489,1,972,7/28/2020 7:00,38,27,972,NULL,2,NULL,7/29/2020,NULL,NULL,NULL,NULL,NULL,NULL,NULL,NULL,NULL,NULL,NULL,NULL,NULL,27,25-49%,3,38,Plant greeness,What percentage of the plant is green?,489,139
3011,650,489,1,973,7/30/2020 7:00,38,26,973,NULL,2,NULL,7/31/2020,NULL,NULL,NULL,NULL,NULL,NULL,NULL,NULL,NULL,NULL,NULL,NULL,NULL,26,5-24%,2,38,Plant greeness,What percentage of the plant is green?,489,139
3012,849,489,1,974,8/3/2020 7:00,38,27,974,NULL,2,NULL,8/3/2020,NULL,NULL,NULL,NULL,NULL,NULL,NULL,NULL,NULL,NULL,NULL,NULL,NULL,27,25-49%,3,38,Plant greeness,What percentage of the plant is green?,489,139
3013,843,489,1,951,8/3/2020 7:00,38,25,951,947,2,NULL,6/27/2020,947,843,,32.367561,-111.114666,648,8858 N Cricket Pl,Tucson,AZ,US,85743,6/27/2020,-7,25,Less than 5%,1,38,Plant greeness,What percentage of the plant is green?,489,139
3014,845,489,1,975,8/4/2020 7:00,38,30,975,NULL,2,NULL,8/4/2020,NULL,NULL,NULL,NULL,NULL,NULL,NULL,NULL,NULL,NULL,NULL,NULL,NULL,30,95% or more,6,38,Plant greeness,What percentage of the plant is green?,489,139
3015,845,489,1,976,8/4/2020 7:00,38,30,976,NULL,2,NULL,8/4/2020,NULL,NULL,NULL,NULL,NULL,NULL,NULL,NULL,NULL,NULL,NULL,NULL,NULL,30,95% or more,6,38,Plant greeness,What percentage of the plant is green?,489,139
3016,845,489,1,977,8/4/2020 7:00,38,30,977,NULL,2,NULL,8/4/2020,NULL,NULL,NULL,NULL,NULL,NULL,NULL,NULL,NULL,NULL,NULL,NULL,NULL,30,95% or more,6,38,Plant greeness,What percentage of the plant is green?,489,139
3017,846,489,1,978,7/30/2020 7:00,38,27,978,973,2,NULL,8/6/2020,973,846,,32.249379,-110.944546,741,1827 E Edison St,Tucson,AZ,US,85719,8/25/2020,-7,27,25-49%,3,38,Plant greeness,What percentage of the plant is green?,489,139
3018,846,489,1,979,7/31/2020 7:00,38,27,979,973,2,NULL,8/6/2020,973,846,,32.249379,-110.944546,741,1827 E Edison St,Tucson,AZ,US,85719,8/25/2020,-7,27,25-49%,3,38,Plant greeness,What percentage of the plant is green?,489,139
3019,846,489,1,980,8/3/2020 7:00,38,27,980,973,2,NULL,8/6/2020,973,846,,32.249379,-110.944546,741,1827 E Edison St,Tucson,AZ,US,85719,8/25/2020,-7,27,25-49%,3,38,Plant greeness,What percentage of the plant is green?,489,139
3020,846,489,1,981,8/5/2020 7:00,38,27,981,973,2,NULL,8/6/2020,973,846,,32.249379,-110.944546,741,1827 E Edison St,Tucson,AZ,US,85719,8/25/2020,-7,27,25-49%,3,38,Plant greeness,What percentage of the plant is green?,489,139
3021,843,489,0,951,8/10/2020 7:00,NULL,NULL,951,947,2,NULL,6/27/2020,947,843,,32.367561,-111.114666,648,8858 N Cricket Pl,Tucson,AZ,US,85743,6/27/2020,-7,NULL,NULL,NULL,NULL,NULL,NULL,NULL,NULL
3022,846,489,1,982,8/10/2020 7:00,38,26,982,973,2,NULL,8/12/2020,973,846,,32.249379,-110.944546,741,1827 E Edison St,Tucson,AZ,US,85719,8/25/2020,-7,26,5-24%,2,38,Plant greeness,What percentage of the plant is green?,489,139
3023,846,489,1,983,8/7/2020 7:00,38,26,983,973,2,NULL,8/12/2020,973,846,,32.249379,-110.944546,741,1827 E Edison St,Tucson,AZ,US,85719,8/25/2020,-7,26,5-24%,2,38,Plant greeness,What percentage of the plant is green?,489,139
3027,843,489,0,951,8/18/2020 7:00,NULL,NULL,951,947,2,NULL,6/27/2020,947,843,,32.367561,-111.114666,648,8858 N Cricket Pl,Tucson,AZ,US,85743,6/27/2020,-7,NULL,NULL,NULL,NULL,NULL,NULL,NULL,NULL
3028,845,489,1,987,8/19/2020 7:00,38,29,987,962,2,NULL,8/19/2020,962,845,,32.209806,-110.791613,840,9409 E Magdalena Rd,Tucson,AZ,US,85710,8/19/2020,-7,29,75-94%,5,38,Plant greeness,What percentage of the plant is green?,489,139
3029,845,489,1,988,8/19/2020 7:00,38,26,988,963,2,NULL,8/19/2020,963,845,,32.206019,-110.785609,854,NULL,Tucson,AZ,US,85748,8/19/2020,-7,26,5-24%,2,38,Plant greeness,What percentage of the plant is green?,489,139
3030,845,489,1,989,8/19/2020 7:00,38,30,989,964,2,NULL,8/19/2020,964,845,,32.196245,-110.772919,879,2115 S Aliso Spring Ln,Tucson,AZ,US,85748,8/19/2020,-7,30,95% or more,6,38,Plant greeness,What percentage of the plant is green?,489,139
3031,845,489,1,990,8/19/2020 7:00,38,26,990,965,2,NULL,8/19/2020,965,845,,32.205969,-110.785518,854,9746 E Sacred Wind Pl,Tucson,AZ,US,85748,8/19/2020,-7,26,5-24%,2,38,Plant greeness,What percentage of the plant is green?,489,139
3032,845,489,1,991,8/19/2020 7:00,38,25,991,966,2,NULL,8/19/2020,966,845,,32.208587,-110.79345,841,9321 E Old Spanish Trail,Tucson,AZ,US,85710,8/19/2020,-7,25,Less than 5%,1,38,Plant greeness,What percentage of the plant is green?,489,139
3033,845,489,1,992,8/19/2020 7:00,38,25,992,967,2,NULL,8/19/2020,967,845,,32.214485,-110.800066,825,424 S Porter Ave,Tucson,AZ,US,85710,8/19/2020,-7,25,Less than 5%,1,38,Plant greeness,What percentage of the plant is green?,489,139
3034,843,489,1,951,8/24/2020 7:00,38,27,951,947,2,NULL,6/27/2020,947,843,,32.367561,-111.114666,648,8858 N Cricket Pl,Tucson,AZ,US,85743,6/27/2020,-7,27,25-49%,3,38,Plant greeness,What percentage of the plant is green?,489,139
3035,845,489,1,993,8/25/2020 7:00,38,29,993,968,2,NULL,8/25/2020,968,845,,32.209868,-110.790419,840,9460 E Asoleada Dr,Tucson,AZ,US,85710,8/25/2020,-7,29,75-94%,5,38,Plant greeness,What percentage of the plant is green?,489,139
3036,845,489,1,994,8/25/2020 7:00,38,28,994,969,2,NULL,8/25/2020,969,845,,32.2075,-110.788369,850,9552 E Old Spanish Trail,Tucson,AZ,US,85748,8/25/2020,-7,28,50-74%,4,38,Plant greeness,What percentage of the plant is green?,489,139
3037,845,489,1,995,8/25/2020 7:00,38,29,995,970,2,NULL,8/25/2020,970,845,,32.196274,-110.772919,879,2115 S Aliso Spring Ln,Tucson,AZ,US,85748,8/25/2020,-7,29,75-94%,5,38,Plant greeness,What percentage of the plant is green?,489,139
3038,845,489,1,996,8/25/2020 7:00,38,27,996,971,2,NULL,8/25/2020,971,845,,32.206067,-110.785648,854,NULL,Tucson,AZ,US,85748,8/25/2020,-7,27,25-49%,3,38,Plant greeness,What percentage of the plant is green?,489,139
3039,845,489,1,997,8/25/2020 7:00,38,28,997,972,2,NULL,8/25/2020,972,845,,32.209564,-110.79774,834,9097 E 20th St,Tucson,AZ,US,85710,8/25/2020,-7,28,50-74%,4,38,Plant greeness,What percentage of the plant is green?,489,139
3040,846,489,1,998,8/24/2020 7:00,38,26,998,973,2,NULL,8/25/2020,973,846,,32.249379,-110.944546,741,1827 E Edison St,Tucson,AZ,US,85719,8/25/2020,-7,26,5-24%,2,38,Plant greeness,What percentage of the plant is green?,489,139
3041,846,489,1,998,8/21/2020 7:00,38,26,998,973,2,NULL,8/25/2020,973,846,,32.249379,-110.944546,741,1827 E Edison St,Tucson,AZ,US,85719,8/25/2020,-7,26,5-24%,2,38,Plant greeness,What percentage of the plant is green?,489,139
3042,851,489,1,999,8/19/2020 7:00,38,29,999,974,2,NULL,8/31/2020,974,851,,32.255959,-110.891334,748,4732 E Bermuda St,Tucson,AZ,US,85712,8/31/2020,-7,29,75-94%,5,38,Plant greeness,What percentage of the plant is green?,489,139
3043,843,489,1,951,8/31/2020 7:00,38,30,951,947,2,NULL,6/27/2020,947,843,,32.367561,-111.114666,648,8858 N Cricket Pl,Tucson,AZ,US,85743,6/27/2020,-7,30,95% or more,6,38,Plant greeness,What percentage of the plant is green?,489,139
3044,845,489,1,1000,9/1/2020 7:00,38,29,1000,975,2,NULL,9/1/2020,975,845,,32.207354,-110.805308,821,8735 E 21st St,Tucson,AZ,US,85710,9/1/2020,-7,29,75-94%,5,38,Plant greeness,What percentage of the plant is green?,489,139
3045,845,489,1,1001,9/1/2020 7:00,38,29,1001,976,2,NULL,9/1/2020,976,845,,32.200163,-110.80857,818,1815 S Camino Seco,Tucson,AZ,US,85710,9/1/2020,-7,29,75-94%,5,38,Plant greeness,What percentage of the plant is green?,489,139
3046,845,489,1,1002,9/1/2020 7:00,38,25,1002,977,2,NULL,9/1/2020,977,845,,32.207474,-110.807056,821,8697 E Placita Morelia,Tucson,AZ,US,85710,9/1/2020,-7,25,Less than 5%,1,38,Plant greeness,What percentage of the plant is green?,489,139
3047,845,489,1,1003,9/1/2020 7:00,38,30,1003,978,2,NULL,9/1/2020,978,845,,32.209196,-110.807032,819,944 S Camino Seco,Tucson,AZ,US,85710,9/1/2020,-7,30,95% or more,6,38,Plant greeness,What percentage of the plant is green?,489,139
3048,845,489,1,1004,9/1/2020 7:00,38,29,1004,979,2,NULL,9/1/2020,979,845,,32.213526,-110.806402,818,8700 E Kenyon Dr,Tucson,AZ,US,85710,9/1/2020,-7,29,75-94%,5,38,Plant greeness,What percentage of the plant is green?,489,139
3049,650,489,1,1005,8/27/2020 7:00,38,25,1005,980,2,NULL,9/2/2020,980,650,,32.259028,-111.198987,779,3068 N Kinney Rd,Tucson,AZ,US,85743,9/2/2020,-7,25,Less than 5%,1,38,Plant greeness,What percentage of the plant is green?,489,139
3050,650,489,1,1006,8/12/2020 7:00,38,26,1006,981,2,NULL,9/2/2020,981,650,,32.257274,-111.197084,783,Unnamed Road,Tucson,AZ,US,85745,9/2/2020,-7,26,5-24%,2,38,Plant greeness,What percentage of the plant is green?,489,139
3051,650,489,1,1007,8/13/2020 7:00,38,25,1007,982,2,NULL,9/2/2020,982,650,,32.156018,-110.721457,1030,Tanque Verde Ridge Trail,Tucson,AZ,US,85747,9/2/2020,-7,25,Less than 5%,1,38,Plant greeness,What percentage of the plant is green?,489,139
3052,852,489,1,1008,9/3/2020 7:00,38,27,1008,983,2,NULL,9/4/2020,983,852,,32.146534,-110.646627,1008,Unnamed Road,Tucson,AZ,US,85747,9/4/2020,-7,27,25-49%,3,38,Plant greeness,What percentage of the plant is green?,489,139
3053,852,489,1,1009,9/3/2020 7:00,38,28,1009,984,2,NULL,9/4/2020,984,852,,32.150287,-110.641214,1038,Unnamed Road,Tucson,AZ,US,85747,9/4/2020,-7,28,50-74%,4,38,Plant greeness,What percentage of the plant is green?,489,139
3054,852,489,1,1010,9/3/2020 7:00,38,25,1010,985,2,NULL,9/4/2020,985,852,,32.158917,-110.64615,1185,Unnamed Road,Tucson,AZ,US,85747,9/4/2020,-7,25,Less than 5%,1,38,Plant greeness,What percentage of the plant is green?,489,139
3055,852,489,1,1011,9/3/2020 7:00,38,27,1011,986,2,NULL,9/4/2020,986,852,,32.161272,-110.649877,1365,Unnamed Road,Tucson,AZ,US,85747,9/4/2020,-7,27,25-49%,3,38,Plant greeness,What percentage of the plant is green?,489,139
3056,845,489,0,1012,9/6/2020 7:00,NULL,NULL,1012,987,2,NULL,9/6/2020,987,845,,32.193569,-110.749374,912,11430 E Old Spanish Trail,Tucson,AZ,US,85730,9/6/2020,-7,NULL,NULL,NULL,NULL,NULL,NULL,NULL,NULL
3057,845,489,1,1013,9/6/2020 7:00,38,26,1013,988,2,NULL,9/6/2020,988,845,,32.194235,-110.75412,908,11145 E Old Spanish Trail,Tucson,AZ,US,85748,9/6/2020,-7,26,5-24%,2,38,Plant greeness,What percentage of the plant is green?,489,139
3058,845,489,1,1014,9/6/2020 7:00,38,26,1014,989,2,NULL,9/6/2020,989,845,,32.193728,-110.756364,906,11051 E Old Spanish Trail,Tucson,AZ,US,85748,9/6/2020,-7,26,5-24%,2,38,Plant greeness,What percentage of the plant is green?,489,139
3059,845,489,1,1015,9/6/2020 7:00,38,26,1015,990,2,NULL,9/6/2020,990,845,,32.192137,-110.760459,897,10851 E Old Spanish Trail,Tucson,AZ,US,85748,9/6/2020,-7,26,5-24%,2,38,Plant greeness,What percentage of the plant is green?,489,139
3060,845,489,1,1016,9/6/2020 7:00,38,27,1016,991,2,NULL,9/6/2020,991,845,,32.191543,-110.761992,896,10851 E Old Spanish Trail,Tucson,AZ,US,85748,9/6/2020,-7,27,25-49%,3,38,Plant greeness,What percentage of the plant is green?,489,139
3061,845,489,1,1017,9/6/2020 7:00,38,27,1017,992,2,NULL,9/6/2020,992,845,,32.191951,-110.764185,893,10725 E Old Spanish Trail,Tucson,AZ,US,85748,9/6/2020,-7,27,25-49%,3,38,Plant greeness,What percentage of the plant is green?,489,139
3062,845,489,1,1018,9/6/2020 7:00,38,27,1018,993,2,NULL,9/6/2020,993,845,,32.208622,-110.792093,843,9395 E Old Spanish Trail,Tucson,AZ,US,85710,9/6/2020,-7,27,25-49%,3,38,Plant greeness,What percentage of the plant is green?,489,139
3063,853,489,0,1019,9/8/2020 7:00,NULL,NULL,1019,994,2,NULL,9/8/2020,994,853,,32.165507,-110.723956,950,Tanque Verde Ridge Trail,Tucson,AZ,US,85748,9/8/2020,-7,NULL,NULL,NULL,NULL,NULL,NULL,NULL,NULL
3064,845,489,1,1020,9/9/2020 7:00,38,28,1020,995,2,NULL,9/9/2020,995,845,,32.209717,-110.791179,840,901 S Santa Ana Dr,Tucson,AZ,US,85710,9/9/2020,-7,28,50-74%,4,38,Plant greeness,What percentage of the plant is green?,489,139
3065,845,489,1,1021,9/9/2020 7:00,38,27,1021,996,2,NULL,9/9/2020,996,845,,32.206086,-110.785773,854,NULL,Tucson,AZ,US,85748,9/9/2020,-7,27,25-49%,3,38,Plant greeness,What percentage of the plant is green?,489,139
3066,845,489,1,1022,9/9/2020 7:00,38,27,1022,997,2,NULL,9/9/2020,997,845,,32.205579,-110.784805,854,9754 E Sacred Wind Pl,Tucson,AZ,US,85748,9/9/2020,-7,27,25-49%,3,38,Plant greeness,What percentage of the plant is green?,489,139
3067,845,489,1,1023,9/9/2020 7:00,38,27,1023,998,2,NULL,9/9/2020,998,845,,32.206248,-110.786219,854,NULL,Tucson,AZ,US,85748,9/9/2020,-7,27,25-49%,3,38,Plant greeness,What percentage of the plant is green?,489,139
3068,843,489,1,951,9/9/2020 7:00,38,30,951,947,2,NULL,6/27/2020,947,843,,32.367561,-111.114666,648,8858 N Cricket Pl,Tucson,AZ,US,85743,6/27/2020,-7,30,95% or more,6,38,Plant greeness,What percentage of the plant is green?,489,139
3069,852,489,1,1024,9/11/2020 7:00,38,29,1024,999,2,NULL,9/12/2020,999,852,,32.170639,-110.681304,1410,Tanque Verde Ridge Trail,Tucson,AZ,US,85748,9/12/2020,-7,29,75-94%,5,38,Plant greeness,What percentage of the plant is green?,489,139
3070,852,489,1,1025,9/11/2020 7:00,38,27,1025,1000,2,NULL,9/12/2020,1000,852,,32.169803,-110.677956,1450,Tanque Verde Ridge Trail,Tucson,AZ,US,85748,9/12/2020,-7,27,25-49%,3,38,Plant greeness,What percentage of the plant is green?,489,139
3071,843,489,1,951,9/14/2020 7:00,38,30,951,947,2,NULL,6/27/2020,947,843,,32.367561,-111.114666,648,8858 N Cricket Pl,Tucson,AZ,US,85743,6/27/2020,-7,30,95% or more,6,38,Plant greeness,What percentage of the plant is green?,489,139
3072,845,489,1,1026,9/16/2020 7:00,38,28,1026,1001,2,NULL,9/16/2020,1001,845,,32.218384,-110.80204,818,201 S Porter Ave,Tucson,AZ,US,85710,9/16/2020,-7,28,50-74%,4,38,Plant greeness,What percentage of the plant is green?,489,139
3073,845,489,1,1027,9/16/2020 7:00,38,27,1027,1002,2,NULL,9/16/2020,1002,845,,32.20614,-110.785808,854,NULL,Tucson,AZ,US,85748,9/16/2020,-7,27,25-49%,3,38,Plant greeness,What percentage of the plant is green?,489,139
3074,854,489,1,1028,9/15/2020 7:00,38,30,1028,1003,2,NULL,9/18/2020,1003,854,,32.270887,-111.244599,669,12999 Sweetwater Dr,Tucson,AZ,US,85743,9/18/2020,-7,30,95% or more,6,38,Plant greeness,What percentage of the plant is green?,489,139
3075,843,489,1,951,9/21/2020 7:00,38,28,951,947,2,NULL,6/27/2020,947,843,,32.367561,-111.114666,648,8858 N Cricket Pl,Tucson,AZ,US,85743,6/27/2020,-7,28,50-74%,4,38,Plant greeness,What percentage of the plant is green?,489,139
3076,843,489,1,951,9/28/2020 7:00,38,28,951,947,2,NULL,6/27/2020,947,843,,32.367561,-111.114666,648,8858 N Cricket Pl,Tucson,AZ,US,85743,6/27/2020,-7,28,50-74%,4,38,Plant greeness,What percentage of the plant is green?,489,139
3077,855,489,1,1029,10/5/2020 7:00,38,27,1029,1004,2,NULL,10/6/2020,1004,855,,32.367308,-111.113966,645,8858 N Cricket Pl,Tucson,AZ,US,85743,10/6/2020,-7,27,25-49%,3,38,Plant greeness,What percentage of the plant is green?,489,139
3078,846,489,1,1030,8/29/2020 7:00,38,26,1030,1005,2,NULL,10/7/2020,1005,846,,32.249322,-110.944534,741,1827 E Edison St,Tucson,AZ,US,85719,10/7/2020,-7,26,5-24%,2,38,Plant greeness,What percentage of the plant is green?,489,139
3079,846,489,1,1030,8/31/2020 7:00,38,26,1030,1005,2,NULL,10/7/2020,1005,846,,32.249322,-110.944534,741,1827 E Edison St,Tucson,AZ,US,85719,10/7/2020,-7,26,5-24%,2,38,Plant greeness,What percentage of the plant is green?,489,139
3080,846,489,1,1030,9/2/2020 7:00,38,26,1030,1005,2,NULL,10/7/2020,1005,846,,32.249322,-110.944534,741,1827 E Edison St,Tucson,AZ,US,85719,10/7/2020,-7,26,5-24%,2,38,Plant greeness,What percentage of the plant is green?,489,139
3081,846,489,1,1030,9/9/2020 7:00,38,26,1030,1005,2,NULL,10/7/2020,1005,846,,32.249322,-110.944534,741,1827 E Edison St,Tucson,AZ,US,85719,10/7/2020,-7,26,5-24%,2,38,Plant greeness,What percentage of the plant is green?,489,139
3082,846,489,1,1030,9/15/2020 7:00,38,26,1030,1005,2,NULL,10/7/2020,1005,846,,32.249322,-110.944534,741,1827 E Edison St,Tucson,AZ,US,85719,10/7/2020,-7,26,5-24%,2,38,Plant greeness,What percentage of the plant is green?,489,139
3083,843,489,1,951,10/13/2020 7:00,38,26,951,947,2,NULL,6/27/2020,947,843,,32.367561,-111.114666,648,8858 N Cricket Pl,Tucson,AZ,US,85743,6/27/2020,-7,26,5-24%,2,38,Plant greeness,What percentage of the plant is green?,489,139
3084,650,489,1,1031,10/9/2020 7:00,38,25,1031,1006,2,NULL,10/13/2020,1006,650,,32.15648,-110.601822,1052,5500 S X9 Ranch Rd,Tucson,AZ,US,85747,10/13/2020,-7,25,Less than 5%,1,38,Plant greeness,What percentage of the plant is green?,489,139
3145,869,489,-1,1048,5/29/2021 7:00,38,26,1048,1023,2,NULL,5/30/2021,1023,869,,35.187173,-111.636427,2075,1341 E Payton Way,Flagstaff,AZ,US,86001,5/30/2021,-7,26,5-24%,2,38,Plant greeness,What percentage of the plant is green?,489,139
3146,870,489,1,1049,6/22/2021 7:00,38,25,1049,1024,2,NULL,6/22/2021,1024,870,,31.949915,-110.344516,1267,6 Woodpecker Way,Benson,AZ,US,85602,6/22/2021,-7,25,Less than 5%,1,38,Plant greeness,What percentage of the plant is green?,489,139
3147,841,489,0,948,6/23/2021 7:00,NULL,NULL,948,944,2,NULL,6/25/2020,944,841,,32.227708,-110.900486,773,4311 E 6th St,Tucson,AZ,US,85711,6/25/2020,-7,NULL,NULL,NULL,NULL,NULL,NULL,NULL,NULL
3148,871,489,1,1050,6/30/2021 7:00,38,25,1050,1025,2,NULL,6/30/2021,1025,871,,32.235228,-110.986108,709,999 W Speedway Blvd,Tucson,AZ,US,85745,6/30/2021,-7,25,Less than 5%,1,38,Plant greeness,What percentage of the plant is green?,489,139
3149,871,489,0,1051,6/30/2021 7:00,NULL,NULL,1051,1026,2,NULL,6/30/2021,1026,871,,32.216219,-110.982425,711,720 W Clearwater Dr,Tucson,AZ,US,85701,6/30/2021,-7,NULL,NULL,NULL,NULL,NULL,NULL,NULL,NULL
3150,871,489,1,1052,6/30/2021 7:00,38,29,1052,1027,2,NULL,6/30/2021,1027,871,,32.200618,-110.993437,723,NULL,Tucson,AZ,US,85713,6/30/2021,-7,29,75-94%,5,38,Plant greeness,What percentage of the plant is green?,489,139
3151,871,489,1,1053,6/30/2021 7:00,NULL,NULL,1053,1028,2,NULL,6/30/2021,1028,871,,32.20018,-110.993897,723,NULL,Tucson,AZ,US,85713,6/30/2021,-7,NULL,NULL,NULL,NULL,NULL,NULL,NULL,NULL
3152,872,489,0,1054,7/5/2021 7:00,NULL,NULL,1054,1029,2,NULL,7/5/2021,1029,872,,32.367762,-111.11391,645,8858 N Cricket Pl,Tucson,AZ,US,85743,7/5/2021,-7,NULL,NULL,NULL,NULL,NULL,NULL,NULL,NULL
3153,873,489,0,1055,7/7/2021 7:00,NULL,NULL,1055,1030,2,NULL,7/9/2021,1030,873,,32.209268,-110.988441,732,1050 W Starr Pass Blvd,Tucson,AZ,US,85713,7/9/2021,-7,NULL,NULL,NULL,NULL,NULL,NULL,NULL,NULL
3154,873,489,0,1056,7/7/2021 7:00,NULL,NULL,1056,1031,2,NULL,7/9/2021,1031,873,,32.214333,-110.999395,761,499-467 Sentinel Peak Rd S,Tucson,AZ,US,85745,7/9/2021,-7,NULL,NULL,NULL,NULL,NULL,NULL,NULL,NULL
3155,873,489,0,1057,7/7/2021 7:00,NULL,NULL,1057,1032,2,NULL,7/9/2021,1032,873,,32.221957,-111.020885,753,2601 W Broadway Blvd,Tucson,AZ,US,85745,7/9/2021,-7,NULL,NULL,NULL,NULL,NULL,NULL,NULL,NULL
3156,874,489,1,1058,7/12/2021 7:00,38,27,1058,1033,2,NULL,7/12/2021,1033,874,,32.294867,-110.782801,820,4750 N Lason Ln,Tucson,AZ,US,85749,7/12/2021,-7,27,25-49%,3,38,Plant greeness,What percentage of the plant is green?,489,139
3157,875,489,0,1059,7/13/2021 7:00,NULL,NULL,1059,1034,2,NULL,7/13/2021,1034,875,,32.374708,-111.102036,653,Unnamed Road,Tucson,AZ,US,85742,7/13/2021,-7,NULL,NULL,NULL,NULL,NULL,NULL,NULL,NULL
3158,876,489,1,1060,7/14/2021 7:00,38,28,1060,1035,2,NULL,7/17/2021,1035,876,,32.264672,-111.117292,913,7101 W Sweetwater Dr,Tucson,AZ,US,85745,7/17/2021,-7,28,50-74%,4,38,Plant greeness,What percentage of the plant is green?,489,139
3159,876,489,1,1061,7/15/2021 7:00,38,28,1061,1036,2,NULL,7/17/2021,1036,876,,32.257823,-111.106712,901,Unnamed Road,Tucson,AZ,US,85745,7/17/2021,-7,28,50-74%,4,38,Plant greeness,What percentage of the plant is green?,489,139
3160,877,489,1,1062,7/19/2021 7:00,38,30,1062,1037,2,NULL,7/20/2021,1037,877,,32.218628,-111.039157,798,3445 W Foxes Den Dr,Tucson,AZ,US,85745,7/20/2021,-7,30,95% or more,6,38,Plant greeness,What percentage of the plant is green?,489,139
3161,878,489,1,1063,7/20/2021 7:00,38,30,1063,1038,2,NULL,7/20/2021,1038,878,,32.221555,-111.021423,746,2601 W Broadway Blvd,Tucson,AZ,US,85745,7/20/2021,-7,30,95% or more,6,38,Plant greeness,What percentage of the plant is green?,489,139
3162,879,489,1,1064,7/20/2021 7:00,38,30,1064,1039,2,NULL,7/20/2021,1039,879,,32.221434,-111.020618,746,2601 W Broadway Blvd,Tucson,AZ,US,85745,7/20/2021,-7,30,95% or more,6,38,Plant greeness,What percentage of the plant is green?,489,139
3163,880,489,1,1065,7/20/2021 7:00,NULL,NULL,1065,1040,2,NULL,7/20/2021,1040,880,,32.221779,-111.021099,748,2601 W Broadway Blvd,Tucson,AZ,US,85745,7/20/2021,-7,NULL,NULL,NULL,NULL,NULL,NULL,NULL,NULL
3164,872,489,1,1066,7/20/2021 7:00,38,29,1066,1041,2,NULL,7/20/2021,1041,872,,32.366709,-111.114398,646,8838 N Cricket Pl,Tucson,AZ,US,85743,7/20/2021,-7,29,75-94%,5,38,Plant greeness,What percentage of the plant is green?,489,139
3165,881,489,1,1067,7/20/2021 7:00,38,30,1067,1042,2,NULL,7/20/2021,1042,881,,32.2212,-111.021038,744,2601 W Broadway Blvd,Tucson,AZ,US,85745,7/20/2021,-7,30,95% or more,6,38,Plant greeness,What percentage of the plant is green?,489,139
3166,845,489,1,1068,7/22/2021 7:00,38,30,1068,1043,2,NULL,7/22/2021,1043,845,,32.150732,-110.789758,868,Harrison Greenway,Tucson,AZ,US,85730,7/22/2021,-7,30,95% or more,6,38,Plant greeness,What percentage of the plant is green?,489,139
3167,845,489,1,1068,7/22/2021 7:00,38,30,1068,1043,2,NULL,7/22/2021,1043,845,,32.150732,-110.789758,868,Harrison Greenway,Tucson,AZ,US,85730,7/22/2021,-7,30,95% or more,6,38,Plant greeness,What percentage of the plant is green?,489,139
3168,845,489,1,1069,7/22/2021 7:00,38,30,1069,1044,2,NULL,7/22/2021,1044,845,,32.127621,-110.789683,878,Harrison Greenway,Tucson,AZ,US,85730,7/22/2021,-7,30,95% or more,6,38,Plant greeness,What percentage of the plant is green?,489,139
3169,879,489,1,1070,7/22/2021 7:00,38,30,1070,1045,2,NULL,7/22/2021,1045,879,,32.313175,-110.89301,848,5860 N Swan Rd,Tucson,AZ,US,85718,7/22/2021,-7,30,95% or more,6,38,Plant greeness,What percentage of the plant is green?,489,139
3170,845,489,1,1071,7/22/2021 7:00,38,30,1071,1046,2,NULL,7/22/2021,1046,845,,32.225755,-110.84731,784,6801 E Kingston Pl,Tucson,AZ,US,85710,7/22/2021,-7,30,95% or more,6,38,Plant greeness,What percentage of the plant is green?,489,139
3171,845,489,1,1072,7/22/2021 7:00,38,30,1072,1047,2,NULL,7/22/2021,1047,845,,32.223414,-110.847241,787,205 N Langley Ave,Tucson,AZ,US,85710,7/22/2021,-7,30,95% or more,6,38,Plant greeness,What percentage of the plant is green?,489,139
3172,882,489,1,1073,7/23/2021 7:00,38,28,1073,1048,2,NULL,7/23/2021,1048,882,,32.265941,-111.175265,1084,Hugh Norris Trail,Tucson,AZ,US,85745,7/23/2021,-7,28,50-74%,4,38,Plant greeness,What percentage of the plant is green?,489,139
3173,872,489,1,1074,7/26/2021 7:00,38,30,1074,1049,2,NULL,7/26/2021,1049,872,,32.367329,-111.11065,644,The Loop,Tucson,AZ,US,85743,7/26/2021,-7,30,95% or more,6,38,Plant greeness,What percentage of the plant is green?,489,139
3174,871,489,1,1075,7/27/2021 7:00,38,30,1075,1050,2,NULL,7/27/2021,1050,871,,32.202553,-110.988865,720,1580 S Santa Cruz Ln,Tucson,AZ,US,85713,7/27/2021,-7,30,95% or more,6,38,Plant greeness,What percentage of the plant is green?,489,139
3175,871,489,1,1076,7/28/2021 7:00,38,30,1076,1051,2,NULL,7/28/2021,1051,871,,32.21743,-110.982566,713,685 W Congress St,Tucson,AZ,US,85745,7/28/2021,-7,30,95% or more,6,38,Plant greeness,What percentage of the plant is green?,489,139
3176,883,489,1,1077,7/30/2021 7:00,38,30,1077,1052,2,NULL,7/30/2021,1052,883,,32.24401,-110.944529,742,1801 N Campbell Ave,Tucson,AZ,US,85719,7/30/2021,-7,30,95% or more,6,38,Plant greeness,What percentage of the plant is green?,489,139
3177,872,489,1,1078,8/2/2021 7:00,38,30,1078,1053,2,NULL,8/3/2021,1053,872,,32.366837,-111.11351,645,8772 N Sayante Way,Tucson,AZ,US,85743,8/3/2021,-7,30,95% or more,6,38,Plant greeness,What percentage of the plant is green?,489,139
3178,872,489,1,1079,8/9/2021 7:00,38,30,1079,1054,2,NULL,8/9/2021,1054,872,,32.367468,-111.114197,646,8858 N Cricket Pl,Tucson,AZ,US,85743,8/9/2021,-7,30,95% or more,6,38,Plant greeness,What percentage of the plant is green?,489,139
3179,878,489,1,1080,7/20/2021 7:00,38,30,1080,1055,2,NULL,8/14/2021,1055,878,,32.234431,-111.215215,708,11610 W Sinagua Rd,Tucson,AZ,US,85743,8/14/2021,-7,30,95% or more,6,38,Plant greeness,What percentage of the plant is green?,489,139
3180,872,489,1,1081,8/17/2021 7:00,38,30,1081,1056,2,NULL,8/17/2021,1056,872,,32.366923,-111.113934,645,8838 N Cricket Pl,Tucson,AZ,US,85743,8/17/2021,-7,30,95% or more,6,38,Plant greeness,What percentage of the plant is green?,489,139
3181,872,489,1,1082,8/23/2021 7:00,38,30,1082,1057,2,NULL,8/24/2021,1057,872,,32.367031,-111.11368,645,8838 N Cricket Pl,Tucson,AZ,US,85743,8/24/2021,-7,30,95% or more,6,38,Plant greeness,What percentage of the plant is green?,489,139
3182,871,489,1,1083,8/30/2021 7:00,38,30,1083,1058,2,NULL,8/30/2021,1058,871,,32.257368,-110.996966,706,1485 W Glenn St,Tucson,AZ,US,85705,8/30/2021,-7,30,95% or more,6,38,Plant greeness,What percentage of the plant is green?,489,139
3183,871,489,1,1084,8/30/2021 7:00,38,30,1084,1059,2,NULL,8/30/2021,1059,871,,32.25492,-111.002879,702,2680 N Coyote Dr,Tucson,AZ,US,85745,8/30/2021,-7,30,95% or more,6,38,Plant greeness,What percentage of the plant is green?,489,139
3184,871,489,1,1085,8/30/2021 7:00,38,30,1085,1060,2,NULL,8/30/2021,1060,871,,32.230563,-110.985478,713,512 N Riverside Dr,Tucson,AZ,US,85745,8/30/2021,-7,30,95% or more,6,38,Plant greeness,What percentage of the plant is green?,489,139
3185,871,489,1,1086,8/30/2021 7:00,38,30,1086,1061,2,NULL,8/30/2021,1061,871,,32.224253,-110.982698,715,195 N Bonita Ave,Tucson,AZ,US,85745,8/30/2021,-7,30,95% or more,6,38,Plant greeness,What percentage of the plant is green?,489,139
3186,871,489,1,1087,8/30/2021 7:00,38,30,1087,1062,2,NULL,8/30/2021,1062,871,,32.211361,-110.983622,719,829 S Verdugo Ave,Tucson,AZ,US,85745,8/30/2021,-7,30,95% or more,6,38,Plant greeness,What percentage of the plant is green?,489,139
3187,871,489,1,1088,8/30/2021 7:00,38,30,1088,1063,2,NULL,8/30/2021,1063,871,,32.208947,-110.985647,719,946 W Ochoa Ln,Tucson,AZ,US,85745,8/30/2021,-7,30,95% or more,6,38,Plant greeness,What percentage of the plant is green?,489,139
3188,871,489,1,1089,8/30/2021 7:00,38,30,1089,1064,2,NULL,8/30/2021,1064,871,,32.207392,-110.987203,722,1020 W Starr Pass Blvd,Tucson,AZ,US,85713,8/30/2021,-7,30,95% or more,6,38,Plant greeness,What percentage of the plant is green?,489,139
3189,871,489,1,1090,8/30/2021 7:00,38,30,1090,1065,2,NULL,8/30/2021,1065,871,,32.20218,-110.987803,723,1580 S Santa Cruz Ln,Tucson,AZ,US,85713,8/30/2021,-7,30,95% or more,6,38,Plant greeness,What percentage of the plant is green?,489,139
3190,884,489,1,1091,8/30/2021 7:00,38,30,1091,1066,2,NULL,8/30/2021,1066,884,,32.209389,-110.798671,831,9097 E 20th St,Tucson,AZ,US,85710,8/30/2021,-7,30,95% or more,6,38,Plant greeness,What percentage of the plant is green?,489,139
3191,884,489,1,1092,8/30/2021 7:00,38,30,1092,1067,2,NULL,8/30/2021,1067,884,,32.208787,-110.798321,834,9122 E 20th Pl,Tucson,AZ,US,85710,8/30/2021,-7,30,95% or more,6,38,Plant greeness,What percentage of the plant is green?,489,139
3192,884,489,1,1093,8/30/2021 7:00,38,30,1093,1068,2,NULL,8/30/2021,1068,884,,32.208705,-110.798322,834,9122 E 20th Pl,Tucson,AZ,US,85710,8/30/2021,-7,30,95% or more,6,38,Plant greeness,What percentage of the plant is green?,489,139
3193,884,489,1,1094,8/30/2021 7:00,38,30,1094,1069,2,NULL,8/30/2021,1069,884,,32.208586,-110.798324,834,9122 E 20th Pl,Tucson,AZ,US,85710,8/30/2021,-7,30,95% or more,6,38,Plant greeness,What percentage of the plant is green?,489,139
3194,872,489,1,1095,8/31/2021 7:00,38,30,1095,1070,2,NULL,9/1/2021,1070,872,,32.366812,-111.114201,645,8838 N Cricket Pl,Tucson,AZ,US,85743,9/1/2021,-7,30,95% or more,6,38,Plant greeness,What percentage of the plant is green?,489,139
3195,884,489,1,1096,9/2/2021 7:00,38,30,1096,1071,2,NULL,9/3/2021,1071,884,,32.208123,-110.799326,830,9065 E 21st St,Tucson,AZ,US,85710,9/3/2021,-7,30,95% or more,6,38,Plant greeness,What percentage of the plant is green?,489,139
3196,872,489,1,1097,9/6/2021 7:00,38,30,1097,1072,2,NULL,9/6/2021,1072,872,,32.367141,-111.113793,645,8838 N Cricket Pl,Tucson,AZ,US,85743,9/6/2021,-7,30,95% or more,6,38,Plant greeness,What percentage of the plant is green?,489,139
3197,871,489,1,1098,9/10/2021 7:00,38,30,1098,1073,2,NULL,9/10/2021,1073,871,,32.205107,-110.997432,736,1330 Burdock Dr S,Tucson,AZ,US,85713,9/10/2021,-7,30,95% or more,6,38,Plant greeness,What percentage of the plant is green?,489,139
3198,872,489,1,1099,9/16/2021 7:00,38,30,1099,1074,2,NULL,9/16/2021,1074,872,,32.367414,-111.114285,647,8858 N Cricket Pl,Tucson,AZ,US,85743,9/16/2021,-7,30,95% or more,6,38,Plant greeness,What percentage of the plant is green?,489,139
3199,872,489,1,1100,9/21/2021 7:00,38,30,1100,1075,2,NULL,9/21/2021,1075,872,,32.36729,-111.113815,645,8858 N Cricket Pl,Tucson,AZ,US,85743,9/21/2021,-7,30,95% or more,6,38,Plant greeness,What percentage of the plant is green?,489,139
3200,872,489,1,1101,9/27/2021 7:00,38,30,1101,1076,2,NULL,9/27/2021,1076,872,,32.367055,-111.113666,645,8838 N Cricket Pl,Tucson,AZ,US,85743,9/27/2021,-7,30,95% or more,6,38,Plant greeness,What percentage of the plant is green?,489,139
3201,871,489,1,1102,9/28/2021 7:00,38,29,1102,1077,2,NULL,9/28/2021,1077,871,,32.250188,-110.998282,706,1425 W Grant Rd,Tucson,AZ,US,85745,9/28/2021,-7,29,75-94%,5,38,Plant greeness,What percentage of the plant is green?,489,139
3202,871,489,1,1050,9/28/2021 7:00,38,28,1050,1025,2,NULL,6/30/2021,1025,871,,32.235228,-110.986108,709,999 W Speedway Blvd,Tucson,AZ,US,85745,6/30/2021,-7,28,50-74%,4,38,Plant greeness,What percentage of the plant is green?,489,139
3203,871,489,1,1103,9/28/2021 7:00,38,29,1103,1078,2,NULL,9/28/2021,1078,871,,32.230348,-110.985987,714,507 N Riverside Dr,Tucson,AZ,US,85745,9/28/2021,-7,29,75-94%,5,38,Plant greeness,What percentage of the plant is green?,489,139
3204,871,489,1,1104,9/28/2021 7:00,38,29,1104,1079,2,NULL,9/28/2021,1079,871,,32.230474,-110.985946,714,1001 W Sonora St,Tucson,AZ,US,85745,9/28/2021,-7,29,75-94%,5,38,Plant greeness,What percentage of the plant is green?,489,139
3205,871,489,1,1105,9/28/2021 7:00,38,30,1105,1080,2,NULL,9/28/2021,1080,871,,32.22026,-110.98275,717,621 W Congress St,Tucson,AZ,US,85745,9/28/2021,-7,30,95% or more,6,38,Plant greeness,What percentage of the plant is green?,489,139
3206,871,489,1,1051,9/28/2021 7:00,38,30,1051,1026,2,NULL,6/30/2021,1026,871,,32.216219,-110.982425,711,720 W Clearwater Dr,Tucson,AZ,US,85701,6/30/2021,-7,30,95% or more,6,38,Plant greeness,What percentage of the plant is green?,489,139
3207,871,489,1,1106,9/28/2021 7:00,38,29,1106,1081,2,NULL,9/28/2021,1081,871,,32.207799,-110.988667,714,1050 W Starr Pass Blvd,Tucson,AZ,US,85713,9/28/2021,-7,29,75-94%,5,38,Plant greeness,What percentage of the plant is green?,489,139
3208,871,489,1,1106,9/28/2021 7:00,38,30,1106,1081,2,NULL,9/28/2021,1081,871,,32.207799,-110.988667,714,1050 W Starr Pass Blvd,Tucson,AZ,US,85713,9/28/2021,-7,30,95% or more,6,38,Plant greeness,What percentage of the plant is green?,489,139
3209,872,489,1,1107,10/4/2021 7:00,38,30,1107,1082,2,NULL,10/4/2021,1082,872,,32.367211,-111.113762,645,8858 N Cricket Pl,Tucson,AZ,US,85743,10/4/2021,-7,30,95% or more,6,38,Plant greeness,What percentage of the plant is green?,489,139
3210,872,489,1,1108,10/11/2021 7:00,38,29,1108,1083,2,NULL,10/11/2021,1083,872,,32.367109,-111.113671,645,8838 N Cricket Pl,Tucson,AZ,US,85743,10/11/2021,-7,29,75-94%,5,38,Plant greeness,What percentage of the plant is green?,489,139
3211,872,489,1,1109,10/18/2021 7:00,38,27,1109,1084,2,NULL,10/18/2021,1084,872,,32.367154,-111.113499,645,8858 N Cricket Pl,Tucson,AZ,US,85743,10/18/2021,-7,27,25-49%,3,38,Plant greeness,What percentage of the plant is green?,489,139
3212,871,489,1,1110,10/21/2021 7:00,NULL,NULL,1110,1085,2,NULL,10/21/2021,1085,871,,32.221361,-110.969608,729,57 S Scott Ave,Tucson,AZ,US,85701,10/21/2021,-7,NULL,NULL,NULL,NULL,NULL,NULL,NULL,NULL
3213,872,489,1,1111,10/25/2021 7:00,38,27,1111,1086,2,NULL,10/25/2021,1086,872,,32.367273,-111.113787,645,8858 N Cricket Pl,Tucson,AZ,US,85743,10/25/2021,-7,27,25-49%,3,38,Plant greeness,What percentage of the plant is green?,489,139
3214,871,489,1,1112,10/29/2021 7:00,NULL,NULL,1112,1087,2,NULL,10/29/2021,1087,871,,32.237762,-110.986532,705,NULL,Tucson,AZ,US,NULL,10/29/2021,-7,NULL,NULL,NULL,NULL,NULL,NULL,NULL,NULL
3215,871,489,1,1113,10/29/2021 7:00,38,28,1113,1088,2,NULL,10/29/2021,1088,871,,32.216886,-110.982085,711,350 S Freeway,Tucson,AZ,US,85745,10/29/2021,-7,28,50-74%,4,38,Plant greeness,What percentage of the plant is green?,489,139
3216,871,489,1,1114,10/29/2021 7:00,38,25,1114,1089,2,NULL,10/29/2021,1089,871,,32.206927,-110.988989,715,1050 W Starr Pass Blvd,Tucson,AZ,US,85713,10/29/2021,-7,25,Less than 5%,1,38,Plant greeness,What percentage of the plant is green?,489,139
3217,871,489,1,1115,10/29/2021 7:00,38,29,1115,1090,2,NULL,10/29/2021,1090,871,,32.201684,-110.988622,716,1580 S Santa Cruz Ln,Tucson,AZ,US,85713,10/29/2021,-7,29,75-94%,5,38,Plant greeness,What percentage of the plant is green?,489,139
3218,871,489,1,1116,11/28/2021 7:00,38,27,1116,1091,2,NULL,11/28/2021,1091,871,,32.235053,-111.002037,711,1683 W Speedway Blvd,Tucson,AZ,US,85745,11/28/2021,-7,27,25-49%,3,38,Plant greeness,What percentage of the plant is green?,489,139
3219,871,489,0,1117,11/28/2021 7:00,NULL,NULL,1117,1092,2,NULL,11/28/2021,1092,871,,32.230609,-110.985536,713,512 N Riverside Dr,Tucson,AZ,US,85745,11/28/2021,-7,NULL,NULL,NULL,NULL,NULL,NULL,NULL,NULL
3220,871,489,1,1118,11/28/2021 7:00,38,26,1118,1093,2,NULL,11/28/2021,1093,871,,32.219952,-110.982477,716,125 S Linda Ave,Tucson,AZ,US,85745,11/28/2021,-7,26,5-24%,2,38,Plant greeness,What percentage of the plant is green?,489,139
3221,871,489,1,1119,11/28/2021 7:00,38,25,1119,1094,2,NULL,11/28/2021,1094,871,,32.208569,-110.988585,721,1050 W Starr Pass Blvd,Tucson,AZ,US,85713,11/28/2021,-7,25,Less than 5%,1,38,Plant greeness,What percentage of the plant is green?,489,139
3222,871,489,1,1120,11/28/2021 7:00,38,28,1120,1095,2,NULL,11/28/2021,1095,871,,32.202816,-110.988831,721,1580 S Santa Cruz Ln,Tucson,AZ,US,85713,11/28/2021,-7,28,50-74%,4,38,Plant greeness,What percentage of the plant is green?,489,139
3223,841,489,1,948,9/14/2022 7:00,38,30,948,944,2,NULL,6/25/2020,944,841,,32.227708,-110.900486,773,4311 E 6th St,Tucson,AZ,US,85711,6/25/2020,-7,30,95% or more,6,38,Plant greeness,What percentage of the plant is green?,489,139
3224,891,489,1,1136,1/16/2023 7:00,38,27,1136,1111,2,NULL,1/16/2023,1111,891,,32.228375,-110.912443,765,3743 E Calle Guaymas,Tucson,AZ,US,85716,1/16/2023,-7,27,25-49%,3,38,Plant greeness,What percentage of the plant is green?,489,139
